{
	"name": "Layout 1",
	"layers": [
		{
			"name": "Layer 0",
			"overriden": 0,
			"instances": [
				{
					"type": "TiledBackground",
					"properties": {
						"initially-visible": true,
						"origin": "top-left",
						"wrap-horizontal": "repeat",
						"wrap-vertical": "repeat",
						"image-offset-x": 0,
						"image-offset-y": 0,
						"image-scale-x": 1,
						"image-scale-y": 1,
						"image-angle": 0
					},
					"uid": 10,
					"instanceVariables": {},
					"behaviors": {},
					"world": {
						"x": -11,
						"y": 1,
						"width": 675,
						"height": 495,
						"originX": 0,
						"originY": 0,
						"color": [
							1,
							1,
							1,
							1
						],
						"angle": 0,
						"zElevation": 0
					}
				},
				{
					"type": "studentHitbox",
					"properties": {
						"initially-visible": true,
						"initial-animation": "Animation 1",
						"initial-frame": 0,
						"enable-collisions": true,
						"live-preview": false
					},
					"uid": 8,
					"instanceVariables": {},
					"behaviors": {},
					"world": {
						"x": 121,
						"y": 258,
						"width": 25,
						"height": 22,
						"originX": 0.5,
						"originY": 0.5,
						"color": [
							1,
							1,
							1,
							0
						],
						"angle": 0,
						"zElevation": 0
					}
				},
				{
					"type": "Instructions",
					"properties": {
						"text": "Click to hand out depression",
						"enable-bbcode": true,
						"font": "Comic Sans MS",
						"size": 32,
						"line-height": 0,
						"bold": false,
						"italic": false,
						"color": [
							0.5058823529411764,
							0.08627450980392157,
							0.7333333333333333,
							1
						],
						"horizontal-alignment": "center",
						"vertical-alignment": "center",
						"wrapping": "word",
						"initially-visible": true,
						"origin": "top-left"
					},
					"uid": 4,
					"instanceVariables": {},
					"behaviors": {},
					"world": {
						"x": 122,
						"y": 327,
						"width": 408,
						"height": 165,
						"originX": 0,
						"originY": 0,
						"color": [
							1,
							1,
							1,
							1
						],
						"angle": 0,
						"zElevation": 0
					}
				},
				{
					"type": "HappyStudent",
					"properties": {
						"initially-visible": true,
						"initial-animation": "Animation 1",
						"initial-frame": 0,
						"enable-collisions": true,
						"live-preview": false
					},
					"uid": 11,
					"instanceVariables": {},
					"behaviors": {},
					"world": {
						"x": 118,
						"y": 258,
						"width": 91.47601535997626,
						"height": 114.06268581922966,
						"originX": 0.5,
						"originY": 0.5,
						"color": [
							1,
							1,
							1,
							1
						],
						"angle": 0,
						"zElevation": 0
					}
				},
				{
					"type": "RainClouds",
					"properties": {
						"initially-visible": true,
						"initial-animation": "Animation 1",
						"initial-frame": 0,
						"enable-collisions": true,
						"live-preview": false
					},
					"uid": 12,
					"instanceVariables": {
						"RainMove": false,
						"rainBgone": false
					},
					"behaviors": {},
					"world": {
						"x": 762,
						"y": 295,
						"width": 32,
						"height": 32,
						"originX": 0.5,
						"originY": 0.5,
						"color": [
							1,
							1,
							1,
							1
						],
						"angle": 0,
						"zElevation": 0
					}
				},
				{
					"type": "BadVibes",
					"properties": {
						"initially-visible": true,
						"initial-animation": "Animation 1",
						"initial-frame": 0,
						"enable-collisions": true,
						"live-preview": false
					},
					"uid": 13,
					"instanceVariables": {
						"vibeMove": false,
						"vibeBgone": false
					},
					"behaviors": {},
					"world": {
						"x": 940,
						"y": 286,
						"width": 32,
						"height": 32,
						"originX": 0.5,
						"originY": 0.5,
						"color": [
							1,
							1,
							1,
							1
						],
						"angle": 0,
						"zElevation": 0
					}
				},
				{
					"type": "Taxes",
					"properties": {
						"initially-visible": true,
						"initial-animation": "Animation 1",
						"initial-frame": 0,
						"enable-collisions": true,
						"live-preview": false
					},
					"uid": 14,
					"instanceVariables": {
						"taxMove": false,
						"taxBgone": false
					},
					"behaviors": {},
					"world": {
						"x": 1056,
						"y": 292,
						"width": 32,
						"height": 32,
						"originX": 0.5,
						"originY": 0.5,
						"color": [
							1,
							1,
							1,
							1
						],
						"angle": 0,
						"zElevation": 0
					}
				},
				{
					"type": "2020cannon",
					"properties": {
						"initially-visible": true,
						"initial-animation": "Animation 1",
						"initial-frame": 0,
						"enable-collisions": true,
						"live-preview": false
					},
					"uid": 15,
					"instanceVariables": {
						"BeginFire": false
					},
					"behaviors": {},
					"world": {
						"x": 486,
						"y": 254,
						"width": 77.76888838089432,
						"height": 69.12790078301717,
						"originX": 0,
						"originY": 0.5,
						"color": [
							1,
							1,
							1,
							1
						],
						"angle": 0,
						"zElevation": 0
					}
				},
				{
					"type": "sadWave",
					"properties": {
						"rate": 30,
						"spray-cone": 360,
						"type": "one-shot",
						"object": -1,
						"live-preview": false,
						"speed": 200,
						"size": 32,
						"opacity": 100,
						"grow-rate": 0,
						"x-randomiser": 0,
						"y-randomiser": 0,
						"initial-speed-randomiser": 0,
						"size-randomiser": 0,
						"grow-rate-randomiser": 0,
						"acceleration": -150,
						"gravity": 0,
						"angle-randomiser": 0,
						"life-speed-randomiser": 800,
						"opacity-randomiser": 0,
						"destroy-mode": "fade-to-invisible",
						"timeout": 1
					},
					"uid": 16,
					"instanceVariables": {},
					"behaviors": {},
					"world": {
						"x": 930,
						"y": 120,
						"width": 176.4822937294277,
						"height": 176.4822937294277,
						"originX": 0,
						"originY": 0.5,
						"color": [
							1,
							1,
							1,
							1
						],
						"angle": 0,
						"zElevation": 0
					}
				},
				{
					"type": "Text",
					"properties": {
						"text": "Stop, stop, he's already sad",
						"enable-bbcode": true,
						"font": "Arial",
						"size": 12,
						"line-height": 0,
						"bold": false,
						"italic": false,
						"color": [
							0,
							0,
							0,
							1
						],
						"horizontal-alignment": "left",
						"vertical-alignment": "top",
						"wrapping": "word",
						"initially-visible": false,
						"origin": "top-left"
					},
					"uid": 2,
					"instanceVariables": {},
					"behaviors": {},
					"world": {
						"x": 20,
						"y": 330,
						"width": 200,
						"height": 30,
						"originX": 0,
						"originY": 0,
						"color": [
							1,
							1,
							1,
							1
						],
						"angle": 0,
						"zElevation": 0
					}
				}
			],
			"sid": 535515908187882,
			"effectTypes": [],
			"isInitiallyVisible": true,
			"color": [
				1,
				1,
				1,
				1
			],
			"backgroundColor": [
				1,
				1,
				1,
				1
			],
			"isTransparent": false,
			"parallaxX": 1,
			"parallaxY": 1,
			"scaleRate": 1,
			"forceOwnTexture": false,
			"useRenderCells": false,
			"blendMode": "normal",
			"global": false
		}
	],
	"sid": 494553999600642,
	"nonworld-instances": [],
	"effectTypes": [],
	"width": 1280,
	"height": 960,
	"unboundedScrolling": false,
	"eventSheet": "Event sheet 1"
}