{"propertiesBar":{"properties":[{"name":"About","expanded":true,"children":[]},{"name":"Colors","expanded":true,"children":[]},{"name":"Startup","expanded":true,"children":[]},{"name":"Display","expanded":true,"children":[{"name":"Viewport size","expanded":false,"children":[]}]},{"name":"Advanced","expanded":false,"children":[]},{"name":"Editor","expanded":true,"children":[]}],"scrollPosition":0},"openTabs":{"active":{"name":"Layout 1","type":"layout"},"open":[{"name":"Layout 1","type":"layout"},{"name":"Event sheet 1","type":"eventSheet"}]},"previewEffects":true,"previewBrowser":"default","pauseOnUnfocus":false,"projectBar":{"name":"<root>","children":[{"name":"BunnyGame","expanded":true,"children":[{"name":"Layouts","expanded":true,"children":[{"name":"Layout 1","expanded":true,"children":[]}]},{"name":"Event sheets","expanded":true,"children":[{"name":"Event sheet 1","expanded":true,"children":[]}]},{"name":"Scripts","expanded":true,"children":[]},{"name":"Object types","expanded":true,"children":[{"name":"2020cannon","expanded":true,"children":[]},{"name":"Audio","expanded":true,"children":[]},{"name":"BadVibes","expanded":true,"children":[]},{"name":"HappyFace","expanded":true,"children":[]},{"name":"HappyStudent","expanded":true,"children":[]},{"name":"Instructions","expanded":true,"children":[]},{"name":"Keyboard","expanded":true,"children":[]},{"name":"Mouse","expanded":true,"children":[]},{"name":"RainClouds","expanded":true,"children":[]},{"name":"sadWave","expanded":true,"children":[]},{"name":"studentHitbox","expanded":true,"children":[]},{"name":"Taxes","expanded":true,"children":[]},{"name":"Text","expanded":true,"children":[]},{"name":"TiledBackground","expanded":true,"children":[]},{"name":"Touch","expanded":true,"children":[]}]},{"name":"Families","expanded":true,"children":[]},{"name":"Timelines","expanded":true,"children":[{"name":"Eases","expanded":false,"children":[]}]},{"name":"Sounds","expanded":true,"children":[{"name":"BLIP2.webm","expanded":true,"children":[]},{"name":"HICCUP.webm","expanded":true,"children":[]}]},{"name":"Music","expanded":true,"children":[]},{"name":"Videos","expanded":true,"children":[]},{"name":"Fonts","expanded":true,"children":[]},{"name":"Icons","expanded":false,"children":[{"name":"icon-128.png","expanded":true,"children":[]},{"name":"icon-16.png","expanded":true,"children":[]},{"name":"icon-256.png","expanded":true,"children":[]},{"name":"icon-32.png","expanded":true,"children":[]},{"name":"icon-512.png","expanded":true,"children":[]},{"name":"icon-64.png","expanded":true,"children":[]},{"name":"loading-logo.png","expanded":true,"children":[]}]},{"name":"Files","expanded":true,"children":[]}]}]},"propertiesBarActiveObject":{"name":"Layout 1","type":"layout"}}