{
	"name": "2020cannon",
	"plugin-id": "Sprite",
	"sid": 619858565505254,
	"isGlobal": false,
	"instanceVariables": [
		{
			"name": "BeginFire",
			"type": "boolean",
			"desc": "",
			"sid": 756885096114440
		}
	],
	"behaviorTypes": [],
	"effectTypes": [],
	"animations": {
		"items": [
			{
				"frames": [
					{
						"width": 32,
						"height": 32,
						"originX": 0,
						"originY": 0.5,
						"originalSource": "",
						"exportFormat": "png",
						"exportQuality": 0.8,
						"imageSpriteId": 4801868,
						"useCollisionPoly": true,
						"duration": 1
					}
				],
				"sid": 306373019963245,
				"name": "Animation 1",
				"isLooping": false,
				"isPingPong": false,
				"repeatCount": 1,
				"repeatTo": 0,
				"speed": 5
			}
		],
		"subfolders": []
	}
}