{
	"name": "BadVibes",
	"plugin-id": "Sprite",
	"sid": 300829596837341,
	"isGlobal": false,
	"instanceVariables": [
		{
			"name": "vibeMove",
			"type": "boolean",
			"desc": "",
			"sid": 281843285209371
		},
		{
			"name": "vibeBgone",
			"type": "boolean",
			"desc": "",
			"sid": 804605213710335
		}
	],
	"behaviorTypes": [],
	"effectTypes": [],
	"animations": {
		"items": [
			{
				"frames": [
					{
						"width": 32,
						"height": 32,
						"originX": 0.5,
						"originY": 0.5,
						"originalSource": "",
						"exportFormat": "png",
						"exportQuality": 0.8,
						"imageSpriteId": 7077648,
						"useCollisionPoly": true,
						"duration": 1
					}
				],
				"sid": 793872715548354,
				"name": "Animation 1",
				"isLooping": false,
				"isPingPong": false,
				"repeatCount": 1,
				"repeatTo": 0,
				"speed": 5
			}
		],
		"subfolders": []
	}
}