{
	"name": "RainClouds",
	"plugin-id": "Sprite",
	"sid": 144689556588890,
	"isGlobal": false,
	"instanceVariables": [
		{
			"name": "RainMove",
			"type": "boolean",
			"desc": "",
			"sid": 642510847415812
		},
		{
			"name": "rainBgone",
			"type": "boolean",
			"desc": "",
			"sid": 612867031601377
		}
	],
	"behaviorTypes": [],
	"effectTypes": [],
	"animations": {
		"items": [
			{
				"frames": [
					{
						"width": 32,
						"height": 32,
						"originX": 0.5,
						"originY": 0.5,
						"originalSource": "",
						"exportFormat": "png",
						"exportQuality": 0.8,
						"imageSpriteId": 829556,
						"useCollisionPoly": true,
						"duration": 1
					},
					{
						"width": 32,
						"height": 32,
						"originX": 0.5,
						"originY": 0.5,
						"originalSource": "",
						"exportFormat": "png",
						"exportQuality": 0.8,
						"imageSpriteId": 1139129,
						"useCollisionPoly": true,
						"duration": 1
					},
					{
						"width": 32,
						"height": 32,
						"originX": 0.5,
						"originY": 0.5,
						"originalSource": "",
						"exportFormat": "png",
						"exportQuality": 0.8,
						"imageSpriteId": 4411607,
						"useCollisionPoly": true,
						"duration": 1
					},
					{
						"width": 32,
						"height": 32,
						"originX": 0.5,
						"originY": 0.5,
						"originalSource": "",
						"exportFormat": "png",
						"exportQuality": 0.8,
						"imageSpriteId": 2047329,
						"useCollisionPoly": true,
						"duration": 1
					}
				],
				"sid": 970520472327925,
				"name": "Animation 1",
				"isLooping": false,
				"isPingPong": false,
				"repeatCount": 1,
				"repeatTo": 0,
				"speed": 5
			}
		],
		"subfolders": []
	}
}