{
	"name": "Taxes",
	"plugin-id": "Sprite",
	"sid": 651702123803309,
	"isGlobal": false,
	"instanceVariables": [
		{
			"name": "taxMove",
			"type": "boolean",
			"desc": "",
			"sid": 878254578064070
		},
		{
			"name": "taxBgone",
			"type": "boolean",
			"desc": "",
			"sid": 695083336317760
		}
	],
	"behaviorTypes": [],
	"effectTypes": [],
	"animations": {
		"items": [
			{
				"frames": [
					{
						"width": 32,
						"height": 32,
						"originX": 0.5,
						"originY": 0.5,
						"originalSource": "",
						"exportFormat": "png",
						"exportQuality": 0.8,
						"imageSpriteId": 4460831,
						"useCollisionPoly": true,
						"duration": 1
					}
				],
				"sid": 815475616108097,
				"name": "Animation 1",
				"isLooping": false,
				"isPingPong": false,
				"repeatCount": 1,
				"repeatTo": 0,
				"speed": 5
			}
		],
		"subfolders": []
	}
}